{
	"credit": "Made with Blockbench",
	"texture_size": [48, 48],
	"textures": {
		"0": "alter",
		"particle": "alter"
	},
	"elements": [
		{
			"from": [0, 0, 0],
			"to": [16, 8, 16],
			"faces": {
				"north": {"uv": [5.33333, 0, 10.66667, 2.66667], "texture": "#0"},
				"east": {"uv": [5.33333, 2.66667, 10.66667, 5.33333], "texture": "#0"},
				"south": {"uv": [5.33333, 5.33333, 10.66667, 8], "texture": "#0"},
				"west": {"uv": [5.33333, 8, 10.66667, 10.66667], "texture": "#0"},
				"up": {"uv": [5.33333, 5.33333, 0, 0], "texture": "#0"},
				"down": {"uv": [5.33333, 5.33333, 0, 10.66667], "texture": "#0"}
			}
		},
		{
			"from": [5, 8, 5],
			"to": [11, 16, 11],
			"faces": {
				"north": {"uv": [0, 10.66667, 2, 13.33333], "texture": "#0"},
				"east": {"uv": [10.66667, 0, 12.66667, 2.66667], "texture": "#0"},
				"south": {"uv": [2, 10.66667, 4, 13.33333], "texture": "#0"},
				"west": {"uv": [10.66667, 2.66667, 12.66667, 5.33333], "texture": "#0"},
				"up": {"uv": [6, 12.66667, 4, 10.66667], "texture": "#0"},
				"down": {"uv": [12.66667, 5.33333, 10.66667, 7.33333], "texture": "#0"}
			}
		}
	],
	"display": {
		"thirdperson_righthand": {
			"rotation": [68, 45, 0],
			"translation": [0, 2, 1.5],
			"scale": [0.25, 0.25, 0.25]
		},
		"thirdperson_lefthand": {
			"rotation": [68, 45, 0],
			"translation": [0, 2, 1.5],
			"scale": [0.25, 0.25, 0.25]
		},
		"firstperson_righthand": {
			"rotation": [0, 135, 0],
			"translation": [-0.5, 2.75, 0],
			"scale": [0.5, 0.5, 0.5]
		},
		"firstperson_lefthand": {
			"rotation": [0, 135, 0],
			"translation": [-0.5, 2.75, 0],
			"scale": [0.5, 0.5, 0.5]
		},
		"ground": {
			"translation": [0, -1.75, 0],
			"scale": [0.25, 0.25, 0.25]
		},
		"gui": {
			"rotation": [30, -135, 0],
			"translation": [0, 1, 0],
			"scale": [0.65, 0.65, 0.65]
		}
	}
}